{
  "nodes": [
    {
      "id": 1767719898033,
      "name": "uwu",
      "desc": "",
      "x": 355.57725412035904,
      "y": 193.05873591460556
    },
    {
      "id": 1767720483746,
      "name": "Nouvelle Page",
      "desc": "",
      "x": 356.08002657865353,
      "y": 365.47234490616694
    }
  ],
  "links": [
    {
      "from": 1767719898033,
      "to": 1767720483746
    }
  ]
}