{
  "nodes": [
    {
      "id": 1767877490411,
      "name": "Home",
      "desc": "",
      "x": 505.83273108229764,
      "y": 105.85090949368112
    },
    {
      "id": 1767877490888,
      "name": "Page 2",
      "desc": "",
      "x": 651.3371845459507,
      "y": 313.66968113407574
    },
    {
      "id": 1767877522602,
      "name": "Page 1",
      "desc": "",
      "x": 234.45067559484204,
      "y": 375.8879366344449
    }
  ],
  "links": [
    {
      "from": 1767877490411,
      "to": 1767877490888
    },
    {
      "from": 1767877490411,
      "to": 1767877522602
    }
  ]
}